"","Data","Isol"
"747",2020-02-26,0.36
"748",2020-02-27,0.31
"749",2020-02-28,0.31
"750",2020-02-29,0.35
"751",2020-03-01,0.39
"752",2020-03-02,0.32
"753",2020-03-03,0.32
"754",2020-03-04,0.31
"755",2020-03-05,0.3
"756",2020-03-07,0.34
"757",2020-03-08,0.38
"758",2020-03-09,0.31
"759",2020-03-10,0.31
"760",2020-03-11,0.31
"761",2020-03-12,0.25
"762",2020-03-13,0.29
"763",2020-03-17,0.38
"764",2020-03-18,0.4
"765",2020-03-19,0.43
"766",2020-03-20,0.45
"767",2020-03-21,0.57
"768",2020-03-22,0.56
"769",2020-03-23,0.53
"770",2020-03-24,0.55
"771",2020-03-25,0.55
"772",2020-03-26,0.55
"773",2020-03-27,0.55
"774",2020-03-28,0.56
"775",2020-03-29,0.59
"776",2020-03-30,0.57
"777",2020-03-31,0.56
"778",2020-04-01,0.56
"779",2020-04-02,0.56
"780",2020-04-03,0.56
"781",2020-04-04,0.58
"782",2020-04-05,0.59
"783",2020-04-06,0.54
"784",2020-04-07,0.52
"785",2020-04-08,0.51
"786",2020-04-09,0.48
"787",2020-04-10,0.56
"788",2020-04-11,0.54
"789",2020-04-12,0.58
"790",2020-04-13,0.5
"791",2020-04-14,0.5
"792",2020-04-15,0.5
"793",2020-04-16,0.49
"794",2020-04-17,0.49
"795",2020-04-18,0.53
"796",2020-04-19,0.58
"797",2020-04-20,0.51
"798",2020-04-21,0.57
"799",2020-04-22,0.48
"800",2020-04-23,0.48
"801",2020-04-24,0.48
"802",2020-04-25,0.52
"803",2020-04-26,0.58
"804",2020-04-27,0.48
"805",2020-04-28,0.48
"806",2020-04-29,0.48
"807",2020-04-30,0.47
"808",2020-05-01,0.55
"809",2020-05-02,0.52
"810",2020-05-03,0.58
"811",2020-05-04,0.48
"812",2020-05-05,0.48
"813",2020-05-06,0.47
"814",2020-05-07,0.48
"815",2020-05-08,0.46
"816",2020-05-09,0.5
"817",2020-05-10,0.54
"818",2020-05-11,0.49
"819",2020-05-12,0.48
"820",2020-05-13,0.48
"821",2020-05-14,0.49
"822",2020-05-15,0.48
"823",2020-05-16,0.52
"824",2020-05-17,0.56
"825",2020-05-18,0.5
"826",2020-05-19,0.49
"827",2020-05-20,0.51
"828",2020-05-21,0.52
"829",2020-05-22,0.49
"830",2020-05-23,0.53
"831",2020-05-24,0.57
"832",2020-05-25,0.53
"833",2020-05-26,0.49
"834",2020-05-27,0.49
"835",2020-05-28,0.49
"836",2020-05-29,0.48
"837",2020-05-30,0.52
"838",2020-05-31,0.55
"839",2020-06-01,0.49
"840",2020-06-02,0.5
"841",2020-06-03,0.49
"842",2020-06-04,0.49
"843",2020-06-05,0.48
"844",2020-06-06,0.51
"845",2020-06-07,0.53
"846",2020-06-08,0.48
"847",2020-06-09,0.48
"848",2020-06-10,0.48
"849",2020-06-11,0.48
"850",2020-06-12,0.47
"851",2020-06-13,0.49
"852",2020-06-14,0.54
"853",2020-06-15,0.48
"854",2020-06-16,0.48
"855",2020-06-17,0.47
"856",2020-06-18,0.46
"857",2020-06-19,0.46
"858",2020-06-20,0.48
"859",2020-06-21,0.53
"860",2020-06-22,0.47
"861",2020-06-23,0.47
"862",2020-06-24,0.47
"863",2020-06-25,0.45
"864",2020-06-26,0.46
"865",2020-06-27,0.49
"866",2020-06-28,0.53
"867",2020-06-29,0.47
"868",2020-06-30,0.46
"869",2020-07-01,0.46
"870",2020-07-02,0.46
"871",2020-07-03,0.45
"872",2020-07-04,0.47
"873",2020-07-05,0.52
"874",2020-07-06,0.46
"875",2020-07-07,0.46
"876",2020-07-08,0.45
"877",2020-07-09,0.46
"878",2020-07-10,0.45
"879",2020-07-11,0.47
"880",2020-07-12,0.52
"881",2020-07-13,0.45
"882",2020-07-14,0.46
"883",2020-07-15,0.46
"884",2020-07-16,0.46
"885",2020-07-17,0.44
"886",2020-07-18,0.46
"887",2020-07-19,0.52
"888",2020-07-20,0.44
"889",2020-07-21,0.44
"890",2020-07-22,0.43
"891",2020-07-23,0.43
"892",2020-07-24,0.42
"893",2020-07-25,0.45
"894",2020-07-26,0.52
"895",2020-07-27,0.44
"896",2020-07-28,0.43
"897",2020-07-29,0.44
"898",2020-07-30,0.44
"899",2020-07-31,0.43
"900",2020-08-01,0.45
"901",2020-08-02,0.51
"902",2020-08-03,0.43
"903",2020-08-04,0.43
"904",2020-08-05,0.43
"905",2020-08-06,0.42
"906",2020-08-07,0.41
"907",2020-08-08,0.43
"908",2020-08-09,0.48
"909",2020-08-10,0.43
"910",2020-08-11,0.44
"911",2020-08-12,0.42
"912",2020-08-13,0.43
"913",2020-08-14,0.42
"914",2020-08-15,0.46
"915",2020-08-16,0.53
"916",2020-08-17,0.44
"917",2020-08-18,0.44
"918",2020-08-19,0.43
"919",2020-08-20,0.44
"920",2020-08-21,0.42
"921",2020-08-22,0.47
"922",2020-08-23,0.52
"923",2020-08-24,0.43
"924",2020-08-25,0.44
"925",2020-08-26,0.43
"926",2020-08-27,0.43
"927",2020-08-28,0.41
"928",2020-08-29,0.43
"929",2020-08-30,0.5
"930",2020-08-31,0.43
"931",2020-09-01,0.43
"932",2020-09-02,0.42
"933",2020-09-03,0.42
"934",2020-09-04,0.4
"935",2020-09-05,0.43
"936",2020-09-06,0.48
"937",2020-09-07,0.5
"938",2020-09-08,0.42
"939",2020-09-09,0.42
"940",2020-09-10,0.42
"941",2020-09-11,0.4
"942",2020-09-12,0.43
"943",2020-09-13,0.49
"944",2020-09-14,0.42
"945",2020-09-15,0.42
"946",2020-09-16,0.42
"947",2020-09-17,0.42
"948",2020-09-18,0.41
"949",2020-09-19,0.43
"950",2020-09-20,0.5
"951",2020-09-21,0.43
"952",2020-09-22,0.43
"953",2020-09-23,0.42
"954",2020-09-24,0.42
"955",2020-09-25,0.41
"956",2020-09-26,0.42
"957",2020-09-27,0.48
"958",2020-09-28,0.42
"959",2020-09-29,0.42
"960",2020-09-30,0.41
"961",2020-10-01,0.41
"962",2020-10-02,0.4
"963",2020-10-03,0.42
"964",2020-10-04,0.49
"965",2020-10-05,0.41
"966",2020-10-06,0.41
"967",2020-10-07,0.4
"968",2020-10-08,0.41
"969",2020-10-09,0.41
"970",2020-10-10,0.42
"971",2020-10-11,0.47
"972",2020-10-12,0.49
"973",2020-10-13,0.4
"974",2020-10-14,0.41
"975",2020-10-15,0.41
"976",2020-10-16,0.42
"977",2020-10-17,0.43
"978",2020-10-18,0.49
"979",2020-10-19,0.41
"980",2020-10-20,0.41
"981",2020-10-21,0.41
"982",2020-10-22,0.4
"983",2020-10-23,0.4
"984",2020-10-24,0.43
"985",2020-10-25,0.49
"986",2020-10-26,0.41
"987",2020-10-27,0.41
"988",2020-10-28,0.4
"989",2020-10-29,0.4
"990",2020-10-30,0.41
"991",2020-10-31,0.44
"992",2020-11-01,0.48
"993",2020-11-02,0.49
"994",2020-11-03,0.4
"995",2020-11-04,0.4
"996",2020-11-05,0.39
"997",2020-11-06,0.39
"998",2020-11-07,0.42
"999",2020-11-08,0.47
"1000",2020-11-09,0.4
"1001",2020-11-10,0.4
"1002",2020-11-11,0.4
"1003",2020-11-12,0.39
"1004",2020-11-13,0.39
"1005",2020-11-14,0.42
"1006",2020-11-15,0.45
"1007",2020-11-16,0.4
"1008",2020-11-17,0.41
"1009",2020-11-18,0.4
"1010",2020-11-19,0.4
"1011",2020-11-20,0.4
"1012",2020-11-21,0.42
"1013",2020-11-22,0.47
"1014",2020-11-23,0.4
"1015",2020-11-24,0.4
"1016",2020-11-25,0.4
"1017",2020-11-26,0.4
"1018",2020-11-27,0.39
"1019",2020-11-28,0.42
"1020",2020-11-29,0.45
"1021",2020-11-30,0.39
"1022",2020-12-01,0.39
"1023",2020-12-02,0.39
"1024",2020-12-03,0.39
"1025",2020-12-04,0.38
"1026",2020-12-05,0.41
"1027",2020-12-06,0.46
"1028",2020-12-07,0.39
"1029",2020-12-08,0.4
"1030",2020-12-09,0.38
"1031",2020-12-10,0.39
"1032",2020-12-11,0.39
"1033",2020-12-12,0.4
"1034",2020-12-13,0.45
"1035",2020-12-14,0.39
"1036",2020-12-15,0.39
"1037",2020-12-16,0.39
"1038",2020-12-17,0.38
"1039",2020-12-18,0.38
"1040",2020-12-19,0.39
"1041",2020-12-20,0.44
"1042",2020-12-21,0.39
"1043",2020-12-22,0.39
"1044",2020-12-23,0.39
"1045",2020-12-24,0.42
"1046",2020-12-25,0.47
"1047",2020-12-26,0.47
"1048",2020-12-27,0.5
"1049",2020-12-28,0.41
"1050",2020-12-29,0.41
"1051",2020-12-30,0.4
"1052",2020-12-31,0.46
"1053",2021-01-01,0.48
"1054",2021-01-02,0.49
"1055",2021-01-03,0.51
"1056",2021-01-04,0.4
"1057",2021-01-05,0.4
"1058",2021-01-06,0.42
"1059",2021-01-07,0.41
"1060",2021-01-08,0.39
"1061",2021-01-09,0.44
"1062",2021-01-10,0.48
"1063",2021-01-11,0.4
"1064",2021-01-12,0.4
"1065",2021-01-13,0.4
"1066",2021-01-14,0.4
"1067",2021-01-15,0.39
"1068",2021-01-16,0.42
"1069",2021-01-17,0.46
"1070",2021-01-18,0.4
"1071",2021-01-19,0.39
"1072",2021-01-20,0.4
"1073",2021-01-21,0.4
"1074",2021-01-22,0.38
"1075",2021-01-23,0.41
"1076",2021-01-24,0.47
"1077",2021-01-25,0.47
"1078",2021-01-26,0.38
"1079",2021-01-27,0.38
"1080",2021-01-28,0.39
"1081",2021-01-29,0.38
"1082",2021-01-30,0.42
"1083",2021-01-31,0.47
"1084",2021-02-01,0.39
"1085",2021-02-02,0.39
"1086",2021-02-03,0.38
"1087",2021-02-04,0.38
"1088",2021-02-05,0.37
"1089",2021-02-06,0.41
"1090",2021-02-07,0.47
"1091",2021-02-08,0.39
"1092",2021-02-09,0.39
"1093",2021-02-10,0.38
"1094",2021-02-11,0.38
"1095",2021-02-12,0.37
"1096",2021-02-13,0.41
"1097",2021-02-14,0.48
"1098",2021-02-15,0.4
"1099",2021-02-16,0.4
"1100",2021-02-17,0.38
"1101",2021-02-18,0.38
"1102",2021-02-19,0.37
"1103",2021-02-20,0.4
"1104",2021-02-21,0.46
"1105",2021-02-22,0.38
"1106",2021-02-23,0.38
"1107",2021-02-24,0.4
"1108",2021-02-25,0.38
"1109",2021-02-26,0.37
"1110",2021-02-27,0.41
"1111",2021-02-28,0.47
"1112",2021-03-01,0.38
"1113",2021-03-02,0.38
"1114",2021-03-03,0.39
"1115",2021-03-04,0.39
"1116",2021-03-05,0.38
"1117",2021-03-06,0.44
"1118",2021-03-07,0.5
